epoch,loss,val_loss
0,27.17499865382171,26.89905842145284
1,21.12447802722454,24.88105018933614
2,18.541126316991345,22.13058058420817
0,19.274756269252048,14.687151193618774
1,12.089103864900993,12.2705157995224
2,10.498992725040601,10.6786527633667
3,9.27360079749938,10.873043417930603
